Full Name, Company Name, Business Location, City, State, Zip Code, Phone, Email Address
Aditia Putra, PT Inovasi Teknologi, Gedung Graha Cipta, Jakarta, DKI Jakarta, 10110, 081234567890, aditia.putra@email.com
Budi Santoso, CV Kreatif Mandiri, Jl. Kenangan No. 45, Bandung, Jawa Barat, 40291, 081298765432, budi.santoso@email.com
Clara Permata, PT Karya Bangsa, Komplek Ruko Cendana, Surabaya, Jawa Timur, 60213, 081276543210, clara.permata@email.com
Dian Pratama, PT Cahaya Abadi, Menara Gama, Medan, Sumatera Utara, 20112, 081334455667, dian.pratama@email.com
Elisa Triana, CV Sukses Selalu, Jl. Mawar No. 9, Yogyakarta, D.I. Yogyakarta, 55281, 081277788899, elisa.triana@email.com
Fikri Ramadhan, PT Sejahtera Bersama, Ruko Mega Plaza, Makassar, Sulawesi Selatan, 90111, 081312345678, fikri.ramadhan@email.com
Gita Prameswari, PT Multi Karya, Gedung Central Point, Semarang, Jawa Tengah, 50123, 081365432198, gita.prameswari@email.com
Hadi Kurniawan, CV Global Vision, Jl. Pahlawan No. 7, Palembang, Sumatera Selatan, 30129, 081398765432, hadi.kurniawan@email.com
Irfan Setiawan, PT Sinar Purnama, Jl. Diponegoro No. 3, Denpasar, Bali, 80231, 081399887766, irfan.setiawan@email.com
Joko Widodo, CV Andalan Jaya, Perum Wisma Jaya, Malang, Jawa Timur, 65145, 081312478596, joko.widodo@email.com
Karina Maharani, PT Dunia Digital, Jl. Kemuning No. 2, Pekanbaru, Riau, 28155, 081376543299, karina.maharani@email.com
Linda Rahmawati, CV Pelita Citra, Komplek Ruko Berlian, Solo, Jawa Tengah, 57145, 081334561290, linda.rahmawati@email.com
Mahesa Arya, PT Maju Terus, Jl. Kusuma Bangsa No. 10, Banjarmasin, Kalimantan Selatan, 70123, 081355678912, mahesa.arya@email.com
Nina Pratiwi, CV Kreatif Sejahtera, Gedung Merdeka, Padang, Sumatera Barat, 25112, 081399654321, nina.pratiwi@email.com
Oka Putra, PT Prima Jaya, Jl. Sumatera No. 5, Bogor, Jawa Barat, 16153, 081377889900, oka.putra@email.com
Putri Melati, PT Indo Gemilang, Plaza Sudirman, Balikpapan, Kalimantan Timur, 76114, 081333456789, putri.melati@email.com
Rina Setyawati, CV Bintang Timur, Jl. Merpati No. 8, Pontianak, Kalimantan Barat, 78112, 081300987654, rina.setyawati@email.com
Sandi Wibowo, PT Bangun Harapan, Menara Bukit, Tasikmalaya, Jawa Barat, 46126, 081322334455, sandi.wibowo@email.com
Taufik Hidayat, CV Solusi Mandiri, Jl. Merdeka No. 15, Bandar Lampung, Lampung, 35119, 081355667788, taufik.hidayat@email.com
Umi Salamah, PT Mitra Sejati, Komplek Perkantoran Intan, Mataram, Nusa Tenggara Barat, 83126, 081399556778, umi.salamah@email.com
